{"cameraMode":{"drawMode":0,"name":"Shaded","section":"Shading Mode"},"sceneLighting":false,"audioPlay":false,"sceneViewState":{"showFog":true,"showMaterialUpdate":false,"showSkybox":true,"showFlares":true,"showImageEffects":true,"showParticleSystems":true},"in2DMode":false,"pivot":{"x":0.0,"y":0.5547555685043335,"z":0.14398622512817384},"rotation":{"x":0.031798262149095538,"y":-0.020991763100028039,"z":0.0006680160877294838,"w":0.9992736577987671},"size":3.6116127967834474,"orthographic":false}