{"cameraMode":{"drawMode":0,"name":"Shaded","section":"Shading Mode"},"sceneLighting":true,"audioPlay":false,"sceneViewState":{"showFog":true,"showMaterialUpdate":false,"showSkybox":true,"showFlares":true,"showImageEffects":true,"showParticleSystems":true},"in2DMode":false,"pivot":{"x":-1.1821610927581788,"y":-0.748580276966095,"z":-0.3351554870605469},"rotation":{"x":-0.038737937808036807,"y":0.11397181451320648,"z":-0.004445387050509453,"w":-0.992718517780304},"size":10.436890602111817,"orthographic":false}