{"cameraMode":{"drawMode":0,"name":"Shaded","section":"Shading Mode"},"sceneLighting":true,"audioPlay":false,"sceneViewState":{"showFog":true,"showMaterialUpdate":false,"showSkybox":true,"showFlares":true,"showImageEffects":true,"showParticleSystems":true},"in2DMode":false,"pivot":{"x":6.760000228881836,"y":11.229655265808106,"z":496.1314697265625},"rotation":{"x":-0.11076866090297699,"y":-0.01012816745787859,"z":0.0011321189813315869,"w":-0.9937939643859863},"size":5.049785614013672,"orthographic":false}