{"cameraMode":{"drawMode":0,"name":"Shaded","section":"Shading Mode"},"sceneLighting":false,"audioPlay":false,"sceneViewState":{"showFog":true,"showMaterialUpdate":false,"showSkybox":true,"showFlares":true,"showImageEffects":true,"showParticleSystems":true},"in2DMode":false,"pivot":{"x":-0.472062349319458,"y":6.7021989822387699,"z":5.068597793579102},"rotation":{"x":-0.25393784046173098,"y":-0.02087702415883541,"z":0.005482913460582495,"w":-0.9669796824455261},"size":59.641807556152347,"orthographic":false}