{"cameraMode":{"drawMode":0,"name":"Shaded","section":"Shading Mode"},"sceneLighting":false,"audioPlay":false,"sceneViewState":{"showFog":true,"showMaterialUpdate":false,"showSkybox":true,"showFlares":true,"showImageEffects":true,"showParticleSystems":true},"in2DMode":false,"pivot":{"x":-11.002132415771485,"y":-28.2645320892334,"z":106.99601745605469},"rotation":{"x":-0.41847386956214907,"y":0.46406102180480959,"z":-0.2643558979034424,"w":-0.7346039414405823},"size":66.27427673339844,"orthographic":false}