{"cameraMode":{"drawMode":0,"name":"Shaded","section":"Shading Mode"},"sceneLighting":true,"audioPlay":false,"sceneViewState":{"showFog":true,"showMaterialUpdate":false,"showSkybox":true,"showFlares":true,"showImageEffects":true,"showParticleSystems":true},"in2DMode":false,"pivot":{"x":-2.8482096195220949,"y":-8.465511322021485,"z":30.403823852539064},"rotation":{"x":-0.15410585701465608,"y":0.03319087624549866,"z":-0.00516866147518158,"w":-0.9874832034111023},"size":48.53998565673828,"orthographic":false}