{"cameraMode":{"drawMode":0,"name":"Shaded","section":"Shading Mode"},"sceneLighting":true,"audioPlay":false,"sceneViewState":{"showFog":true,"showMaterialUpdate":false,"showSkybox":true,"showFlares":true,"showImageEffects":true,"showParticleSystems":true},"in2DMode":false,"pivot":{"x":4.335225582122803,"y":-0.32958984375,"z":246.1383056640625},"rotation":{"x":-0.2689504027366638,"y":0.08166150003671646,"z":-0.022891860455274583,"w":-0.9594128727912903},"size":35.656490325927737,"orthographic":false}